"키값","기관코드","유형1","유형2","대표기관명","전체기관명","최하위기관명","대표전화번호","새우편번호","주소","도로명주소","행정시","행정구","행정동"
"BE_LiST27-0164","1710674","우정","우정_우체국","미래부","미래창조과학부 우정사업본부 서울지방우정청 서울송파우체국 서울삼전동우체국","서울삼전동우체국","02-417-0800","05584","","서울특별시 송파구 백제고분로 256 (삼전동 72-4)","서울특별시","송파구","삼전동"
"BE_LiST27-0165","1710669","우정","우정_우체국","미래부","미래창조과학부 우정사업본부 서울지방우정청 서울송파우체국 서울송파1동우체국","서울송파1동우체국","02-422-0205","05666","","서울특별시 송파구 백제고분로 42길 5 (송파1동 113-2 여성문화회관 1층)","서울특별시","송파구","송파1동"
"BE_LiST27-0166","1710679","우정","우정_우체국","미래부","미래창조과학부 우정사업본부 서울지방우정청 서울송파우체국 서울오금동우체국","서울오금동우체국","02-443-0200","05739","","서울특별시 송파구 동남로 300 (오금동 129-3)","서울특별시","송파구","오금동"
"BE_LiST27-0167","1710675","우정","우정_우체국","미래부","미래창조과학부 우정사업본부 서울지방우정청 서울송파우체국 서울오륜동우체국","서울오륜동우체국","02-404-0014","05649","","서울특별시 송파구 양재대로 1218 (오륜동 89-13)","서울특별시","송파구","오륜동"
"BE_LiST27-0168","1710681","우정","우정_우체국","미래부","미래창조과학부 우정사업본부 서울지방우정청 서울송파우체국 서울잠실2동우체국","서울잠실2동우체국","02-423-2004","05501","","서울특별시 송파구 올림픽로 107 (잠실동 19-7)","서울특별시","송파구","잠실2동"
"BE_LiST27-0169","1710682","우정","우정_우체국","미래부","미래창조과학부 우정사업본부 서울지방우정청 서울송파우체국 서울잠실3동우체국","서울잠실3동우체국","02-414-2200","05503","","서울특별시 송파구 잠실로 51-33 (잠실3동 27-12)","서울특별시","송파구","잠실3동"
"BE_LiST27-0170","1710671","우정","우정_우체국","미래부","미래창조과학부 우정사업본부 서울지방우정청 서울송파우체국 서울잠실4동우체국","서울잠실4동우체국","02-422-0003","05507","","서울특별시 송파구 신천로 133-1 (신천동 20-5)","서울특별시","송파구","잠실6동"
"BE_LiST27-0171","1710667","우정","우정_우체국","미래부","미래창조과학부 우정사업본부 서울지방우정청 서울송파우체국 서울잠실우체국","서울잠실우체국","02-417-2005","05552","","서울특별시 송파구 오금로 90 (신천동 29-1)","서울특별시","송파구","잠실6동"
"BE_LiST27-0172","1710677","우정","우정_우체국","미래부","미래창조과학부 우정사업본부 서울지방우정청 서울송파우체국 서울풍납동우체국","서울풍납동우체국","02-471-0155","05520","","서울특별시 송파구 올림픽로 575 (풍납동 497)","서울특별시","송파구","풍납1동"
"BE_LiST27-0173","1710684","우정","우정_우체국","미래부","미래창조과학부 우정사업본부 서울지방우정청 서울양천우체국","서울양천우체국","02-2646-0004","07988","","서울특별시 양천구 목동서로 117 (목동 905-16)","서울특별시","양천구","목5동"
"BE_LiST27-0174","1710698","우정","우정_우체국","미래부","미래창조과학부 우정사업본부 서울지방우정청 서울양천우체국 서울남부지방법원우체국","서울남부지방법원우체국","02-2644-0551","08088","","서울특별시 양천구 신월로 386 서울남부지법청사내 (신정1동 313-1)","서울특별시","양천구","신정1동"
"BE_LiST27-0175","1710695","우정","우정_우체국","미래부","미래창조과학부 우정사업본부 서울지방우정청 서울양천우체국 서울목3동우체국","서울목3동우체국","02-2642-0116","07957","","서울특별시 양천구 목동중앙남로3가길 127 상진지오벨리 1층 (목3동 713-5)","서울특별시","양천구","목3동"
"BE_LiST27-0176","1710693","우정","우정_우체국","미래부","미래창조과학부 우정사업본부 서울지방우정청 서울양천우체국 서울신월2동우체국","서울신월2동우체국","02-2692-0318","08028","","서울특별시 양천구 중앙로 309 (신월동 500-24)","서울특별시","양천구","신월2동"
"BE_LiST27-0177","1710694","우정","우정_우체국","미래부","미래창조과학부 우정사업본부 서울지방우정청 서울양천우체국 서울신월3동우체국","서울신월3동우체국","02-2695-3482","07910","","서울특별시 양천구 남부순환로 364 (신월동 166-7)","서울특별시","양천구","신월3동"
"BE_LiST27-0178","1710696","우정","우정_우체국","미래부","미래창조과학부 우정사업본부 서울지방우정청 서울양천우체국 서울신정1동우체국","서울신정1동우체국","02-2654-2005","08087","","서울특별시 양천구 신월로 368 (신정동 1017-15)","서울특별시","양천구","신정1동"
"BE_LiST27-0179","1710697","우정","우정_우체국","미래부","미래창조과학부 우정사업본부 서울지방우정청 서울양천우체국 서울신정3동우체국","서울신정3동우체국","02-2698-0204","08106","","서울특별시 양천구 신정로 306 (신정동 1272)","서울특별시","양천구","신정3동"
"BE_LiST27-0180","1710747","우정","우정_우체국","미래부","미래창조과학부 우정사업본부 서울지방우정청 서울용산우체국","서울용산우체국","02-797-0004","04386","","서울특별시 용산구 한강대로118 (한강로2가)","서울특별시","용산구","한강로동"
"BE_LiST27-0181","1710764","우정","우정_우체국","미래부","미래창조과학부 우정사업본부 서울지방우정청 서울용산우체국 국방부구내우체국","국방부구내우체국","02-795-2003","04383","","서울특별시 용산구 이태원로 22 (용산동3가)","서울특별시","용산구","한강로동"
"BE_LiST27-0182","1710756","우정","우정_우체국","미래부","미래창조과학부 우정사업본부 서울지방우정청 서울용산우체국 서울남영동우체국","서울남영동우체국","02-793-2005","04352","","서울특별시 용산구 두텁바위로6-1 (남영동)","서울특별시","용산구","원효로2동"
"BE_LiST27-0183","1710761","우정","우정_우체국","미래부","미래창조과학부 우정사업본부 서울지방우정청 서울용산우체국 서울보광동우체국","서울보광동우체국","02-793-0205","04394","","서울특별시 용산구 보광로 25 (보광동)","서울특별시","용산구","보광동"
"BE_LiST27-0184","1710765","우정","우정_우체국","미래부","미래창조과학부 우정사업본부 서울지방우정청 서울용산우체국 서울숙명여자대학교우체국","서울숙명여자대학교우체국","02-713-0205","04310","","서울특별시 용산구 청파로47길 100 (청파동2가)","서울특별시","용산구","청파동"
"BE_LiST27-0185","1710755","우정","우정_우체국","미래부","미래창조과학부 우정사업본부 서울지방우정청 서울용산우체국 서울용문동우체국","서울용문동우체국","02-715-1436","04363","","서울특별시 용산구 원효로41길 47 (원효로3가)","서울특별시","용산구","원효로2동"
"BE_LiST27-0100","1710766","우정","우정_우체국","미래부","미래창조과학부 우정사업본부 서울지방우정청 서울노원우체국","서울노원우체국","02-950-3284","01740","","서울특별시 노원구 중계로 123 (중계본동)","서울특별시","노원구","중계본동"
"BE_LiST27-0211","1710400","우정","우정_우체국","미래부","미래창조과학부 우정사업본부 서울지방우정청 서울중앙우체국 서울을지로6가우체국","서울을지로6가우체국","02-2264-2005","04561","","서울특별시 중구 을지로 228 (을지로5가)","서울특별시","중구","을지로동"
"BE_LiST27-0119","1714600","우정","우정_우체국","미래부","미래창조과학부 우정사업본부 서울지방우정청 서울도봉우체국 서울삼양동우체국","서울삼양동우체국","02-981-0110","01181","","서울특별시 강북구 삼양로 229","서울특별시","강북구","삼양동"
"BE_LiST27-0120","1714595","우정","우정_우체국","미래부","미래창조과학부 우정사업본부 서울지방우정청 서울도봉우체국 서울송천동우체국","서울송천동우체국","02-982-0114","01205","","서울특별시 강북구 도봉로 71","서울특별시","강북구","송천동"
"BE_LiST27-0121","1714596","우정","우정_우체국","미래부","미래창조과학부 우정사업본부 서울지방우정청 서울도봉우체국 서울수유3동우체국","서울수유3동우체국","02-994-2007","01054","","서울특별시 강북구 도봉로 383","서울특별시","강북구","수유3동"
"BE_LiST27-0122","1714597","우정","우정_우체국","미래부","미래창조과학부 우정사업본부 서울지방우정청 서울도봉우체국 서울수유동우체국","서울수유동우체국","02-903-0031","01039","","서울특별시 강북구 삼양로 468","서울특별시","강북구","수유2동"
"BE_LiST27-0123","1714570","우정","우정_우체국","미래부","미래창조과학부 우정사업본부 서울지방우정청 서울도봉우체국 서울쌍문2동우체국","서울쌍문2동우체국","02-992-2005","01432","","서울특별시 도봉구 도봉로 125길 88","서울특별시","도봉구","쌍문2동"
"BE_LiST27-0124","1714571","우정","우정_우체국","미래부","미래창조과학부 우정사업본부 서울지방우정청 서울도봉우체국 서울창5동우체국","서울창5동우체국","02-900-0267","01405","","서울특별시 도봉구 노해로 309","서울특별시","도봉구","창5동"
"BE_LiST27-0125","1710715","우정","우정_우체국","미래부","미래창조과학부 우정사업본부 서울지방우정청 서울동작우체국","서울동작우체국","02-822-0004","07056","","서울특별시 동작구 여의대방로 22길 77 (신대방동)","서울특별시","동작구","신대방2동"
"BE_LiST27-0126","1710723","우정","우정_우체국","미래부","미래창조과학부 우정사업본부 서울지방우정청 서울동작우체국 서울노량진우체국","서울노량진우체국","02-812-9052","06916","","서울특별시 동작구 노량진로 224 (본동)","서울특별시","동작구","노량진1동"
"BE_LiST27-0127","1710724","우정","우정_우체국","미래부","미래창조과학부 우정사업본부 서울지방우정청 서울동작우체국 서울사당동우체국","서울사당동우체국","02-583-2005","07013","","서울특별시 동작구 동작대로 75 (사당동)","서울특별시","동작구","사당1동"
"BE_LiST27-0128","1710725","우정","우정_우체국","미래부","미래창조과학부 우정사업본부 서울지방우정청 서울동작우체국 서울상도동우체국","서울상도동우체국","02-814-5634","06964","","서울특별시 동작구 상도로 236 (상도동)","서울특별시","동작구","상도2동"
"BE_LiST27-0129","1710726","우정","우정_우체국","미래부","미래창조과학부 우정사업본부 서울지방우정청 서울동작우체국 서울흑석동우체국","서울흑석동우체국","02-812-9053","06972","","서울특별시 동작구 서달로15길 13 (흑석동)","서울특별시","동작구","흑석동"
"BE_LiST27-0130","1710513","우정","우정_우체국","미래부","미래창조과학부 우정사업본부 서울지방우정청 서울마포우체국","서울마포우체국","02-715-0004","04156","","서울특별시 마포구 마포대로 89","서울특별시","마포구","도화동"
"BE_LiST27-0131","1710521","우정","우정_우체국","미래부","미래창조과학부 우정사업본부 서울지방우정청 서울마포우체국 서울망원동우체국","서울망원동우체국","02-337-0004","03963","","서울특별시 마포구 월드컵북로 111","서울특별시","마포구","성산1동"
"BE_LiST27-0132","1710530","우정","우정_우체국","미래부","미래창조과학부 우정사업본부 서울지방우정청 서울마포우체국 서울상암디지털우체국","서울상암디지털우체국","02-303-1841","03905","","서울특별시 마포구 상암산로 1길 75","서울특별시","마포구","상암동"
"BE_LiST27-0133","1710522","우정","우정_우체국","미래부","미래창조과학부 우정사업본부 서울지방우정청 서울마포우체국 서울서교동우체국","서울서교동우체국","02-332-0288","04045","","서울특별시 마포구 양화로 62","서울특별시","마포구","서교동"
"BE_LiST27-0134","1710523","우정","우정_우체국","미래부","미래창조과학부 우정사업본부 서울지방우정청 서울마포우체국 서울서부지방법원우체국","서울서부지방법원우체국","02-711-4220","04207","","서울특별시 마포구 마포대로 174","서울특별시","마포구","공덕동"
"BE_LiST27-0135","1710525","우정","우정_우체국","미래부","미래창조과학부 우정사업본부 서울지방우정청 서울마포우체국 서울성산2동우체국","서울성산2동우체국","02-306-2006","03936","","서울특별시 마포구 월드컵북로 227","서울특별시","마포구","성산2동"
"BE_LiST27-0136","1710524","우정","우정_우체국","미래부","미래창조과학부 우정사업본부 서울지방우정청 서울마포우체국 서울성산동우체국","서울성산동우체국","02-333-6117","03973","","서울특별시 마포구 월드컵북로 112","서울특별시","마포구","성산1동"
"BE_LiST27-0137","1710526","우정","우정_우체국","미래부","미래창조과학부 우정사업본부 서울지방우정청 서울마포우체국 서울아현동우체국","서울아현동우체국","02-313-0410","04116","","서울특별시 마포구 신촌로 266","서울특별시","마포구","아현동"
"BE_LiST27-0138","1710527","우정","우정_우체국","미래부","미래창조과학부 우정사업본부 서울지방우정청 서울마포우체국 서울창전동우체국","서울창전동우체국","02-333-6118","04067","","서울특별시 마포구 독막로 109","서울특별시","마포구","서강동"
"BE_LiST27-0139","1710730","우정","우정_우체국","미래부","미래창조과학부 우정사업본부 서울지방우정청 서울서초우체국","서울서초우체국","02-3498-8008","06779","","서울특별시 서초구 동산로 19","서울특별시","서초구","양재2동"
"BE_LiST27-0140","1710740","우정","우정_우체국","미래부","미래창조과학부 우정사업본부 서울지방우정청 서울서초우체국 서울반포우체국","서울반포우체국","02-533-0014","06504","","서울특별시 서초구 신반포로19길 40","서울특별시","서초구","반포2동"
"BE_LiST27-0141","1710743","우정","우정_우체국","미래부","미래창조과학부 우정사업본부 서울지방우정청 서울서초우체국 서울방배동우체국","서울방배동우체국","02-593-0004","06584","","서울특별시 서초구 방배로 238","서울특별시","서초구","방배본동"
"BE_LiST27-0212","1710406","우정","우정_우체국","미래부","미래창조과학부 우정사업본부 서울지방우정청 서울중앙우체국 서울충무로2가우체국","서울충무로2가우체국","02-2278-0037","04553","","서울특별시 중구 삼일대로6길 5 (충무로2가)","서울특별시","중구","명동"
"BE_LiST27-0213","1710404","우정","우정_우체국","미래부","미래창조과학부 우정사업본부 서울지방우정청 서울중앙우체국 서울태평로우체국","서울태평로우체국","02-3783-7025","04512","","서울특별시 중구 칠패로 42 우리빌딩 2층 (봉래동1가)","서울특별시","중구","회현동"
"BE_LiST27-0214","1710398","우정","우정_우체국","미래부","미래창조과학부 우정사업본부 서울지방우정청 서울중앙우체국 서울퇴계로5가우체국","서울퇴계로5가우체국","02-2273-6508","04618","","서울특별시 중구 퇴계로 270 (장충동2가)","서울특별시","중구","장충동"
"BE_LiST27-0215","1710401","우정","우정_우체국","미래부","미래창조과학부 우정사업본부 서울지방우정청 서울중앙우체국 서울흥인동우체국","서울흥인동우체국","02-2236-0500","04569","","서울특별시 중구 다산로 253 (흥인동)","서울특별시","중구","신당동"
"BE_LiST27-0216","1710560","우정","우정_우체국","미래부","미래창조과학부 우정사업본부 서울지방우정청 여의도우체국","여의도우체국","02-783-0014","07328","","서울특별시 영등포구 여의나루로 60 (여의도동)","서울특별시","영등포구","여의동"
"BE_LiST27-0217","1710570","우정","우정_우체국","미래부","미래창조과학부 우정사업본부 서울지방우정청 여의도우체국 국회구내우체국","국회구내우체국","02-784-4465","07233","","서울특별시 영등포구 의사당대로 1 (여의도동)","서울특별시","영등포구","여의동"
"BE_LiST27-0218","1710576","우정","우정_우체국","미래부","미래창조과학부 우정사업본부 서울지방우정청 여의도우체국 서울당산동우체국","서울당산동우체국","02-2675-0140","07265","","서울특별시 영등포구 당산로 102 (당산동1가)","서울특별시","영등포구","당산1동"
"BE_LiST27-0219","1710571","우정","우정_우체국","미래부","미래창조과학부 우정사업본부 서울지방우정청 여의도우체국 서울대림동우체국","서울대림동우체국","02-842-3782","07444","","서울특별시 영등포구 대림로85 (대림동)","서울특별시","영등포구","대림2동"
"BE_LiST27-0220","1710577","우정","우정_우체국","미래부","미래창조과학부 우정사업본부 서울지방우정청 여의도우체국 서울문래동우체국","서울문래동우체국","02-2676-0340","07290","","서울특별시 영등포구 도림로 429 (문래동2가)","서울특별시","영등포구","문래동"
"BE_LiST27-0221","1710574","우정","우정_우체국","미래부","미래창조과학부 우정사업본부 서울지방우정청 여의도우체국 서울신길5동우체국","서울신길5동우체국","02-843-0114","07425","","서울특별시 영등포구 신길로65 (신길동)","서울특별시","영등포구","신길5동"
"BE_LiST27-0222","1710573","우정","우정_우체국","미래부","미래창조과학부 우정사업본부 서울지방우정청 여의도우체국 서울신길동우체국","서울신길동우체국","02-843-1005","07391","","서울특별시 영등포구 여의대방로 161 (신길동)","서울특별시","영등포구","신길7동"
"BE_LiST27-0223","1710572","우정","우정_우체국","미래부","미래창조과학부 우정사업본부 서울지방우정청 여의도우체국 서울양평동우체국","서울양평동우체국","02-2676-2008","07206","","서울특별시 영등포구 양평로 92 (양평동4가)","서울특별시","영등포구","양평2동"
"BE_LiST27-0224","1710575","우정","우정_우체국","미래부","미래창조과학부 우정사업본부 서울지방우정청 여의도우체국 서울여의도광장우체국","서울여의도광장우체국","02-780-0100","07237","","서울특별시 영등포구 국회대로 68길 7 (여의도동)","서울특별시","영등포구","여의동"
"BE_LiST27-0225","1710569","우정","우정_우체국","미래부","미래창조과학부 우정사업본부 서울지방우정청 여의도우체국 영등포우체국","영등포우체국","02-2678-0014","07305","","서울특별시 영등포구 경인로 841 (영등포동4가)","서울특별시","영등포구","영등포동"
"BE_LiST27-0226","1710578","우정","우정_우체국","미래부","미래창조과학부 우정사업본부 서울지방우정청 여의도우체국 한국방송공사우체국","한국방송공사우체국","02-785-0004","07235","","서울특별시 영등포구 여의공원로 13 (여의도동)","서울특별시","영등포구","여의동"
"BE_LiST27-0227","1710579","우정","우정_우체국","미래부","미래창조과학부 우정사업본부 서울지방우정청 여의도우체국 한화생명빌딩우체국","한화생명빌딩우체국","02-784-2835","07345","","서울특별시 영등포구 63로 50 (여의도동)","서울특별시","영등포구","여의동"
"BE_LiST27-0001","1710375","우정","우정_우정청","미래부","미래창조과학부 우정사업본부 서울지방우정청","서울지방우정청","02-6450-3000","03187","","서울특별시 종로구 종로 6 (서린동)","서울특별시","종로구","종로1.2.3.4가동"
"BE_LiST27-0002","1710407","우정","우정_우체국","미래부","미래창조과학부 우정사업본부 서울지방우정청 광화문우체국","광화문우체국","02-3703-9001","03187","","서울특별시 종로구 종로6","서울특별시","종로구","종로1.2.3.4가동"
"BE_LiST27-0003","1710426","우정","우정_우체국","미래부","미래창조과학부 우정사업본부 서울지방우정청 광화문우체국 서울대학교병원우체국","서울대학교병원우체국","02-742-0569","03080","","서울특별시 종로구 대학로 103 서울대학교병원 본관 지하1층","서울특별시","종로구","이화동"
"BE_LiST27-0004","1710428","우정","우정_우체국","미래부","미래창조과학부 우정사업본부 서울지방우정청 광화문우체국 서울삼청동우체국","서울삼청동우체국","02-736-3005","03050","","서울특별시 종로구 북촌로 112","서울특별시","종로구","삼청동"
"BE_LiST27-0005","1710422","우정","우정_우체국","미래부","미래창조과학부 우정사업본부 서울지방우정청 광화문우체국 서울세검정우체국","서울세검정우체국","02-379-0141","03018","","서울특별시 종로구 세검정로 258","서울특별시","종로구","부암동"
"BE_LiST27-0117","1714599","우정","우정_우체국","미래부","미래창조과학부 우정사업본부 서울지방우정청 서울도봉우체국 서울번3동우체국","서울번3동우체국","02-984-0177","01230","","서울특별시 강북구 한천로 105길 27","서울특별시","강북구","번3동"
"BE_LiST27-0118","1714572","우정","우정_우체국","미래부","미래창조과학부 우정사업본부 서울지방우정청 서울도봉우체국 서울북부지방법원우체국","서울북부지방법원우체국","02-972-0100","01322","","서울특별시 도봉구 마들로 749","서울특별시","도봉구","도봉2동"
"BE_LiST27-0186","1710762","우정","우정_우체국","미래부","미래창조과학부 우정사업본부 서울지방우정청 서울용산우체국 서울원효로우체국","서울원효로우체국","02-714-1437","04316","","서울특별시 용산구 원효로 227 (원효로1가)","서울특별시","용산구","원효로1동"
"BE_LiST27-0187","1710760","우정","우정_우체국","미래부","미래창조과학부 우정사업본부 서울지방우정청 서울용산우체국 서울이촌동우체국","서울이촌동우체국","02-795-0205","04423","","서울특별시 용산구 이촌로 77길 9 (이촌동)","서울특별시","용산구","이촌1동"
"BE_LiST27-0188","1710757","우정","우정_우체국","미래부","미래창조과학부 우정사업본부 서울지방우정청 서울용산우체국 서울이태원우체국","서울이태원우체국","02-798-2005","04345","","서울특별시 용산구 녹사평대로 212 (이태원동)","서울특별시","용산구","이태원2동"
"BE_LiST27-0189","1710759","우정","우정_우체국","미래부","미래창조과학부 우정사업본부 서울지방우정청 서울용산우체국 서울한남동우체국","서울한남동우체국","02-794-2205","04401","","서울특별시 용산구 대사관로 49 (한남동)","서울특별시","용산구","한남동"
"BE_LiST27-0190","1710763","우정","우정_우체국","미래부","미래창조과학부 우정사업본부 서울지방우정청 서울용산우체국 서울후암동우체국","서울후암동우체국","02-754-2005","04327","","서울특별시 용산구 후암로 58-1 (후암동)","서울특별시","용산구","후암동"
"BE_LiST27-0191","1710758","우정","우정_우체국","미래부","미래창조과학부 우정사업본부 서울지방우정청 서울용산우체국 용산전자단지우체국","용산전자단지우체국","02-718-0205","04373","","서울특별시 용산구 청파로 56 (한강로3가)","서울특별시","용산구","한강로동"
"BE_LiST27-0192","1710545","우정","우정_우체국","미래부","미래창조과학부 우정사업본부 서울지방우정청 서울은평우체국","서울은평우체국","02-350-3514","03306","","서울특별시 은평구 진관2로 29-8 (진관동)","서울특별시","은평구","진관동"
"BE_LiST27-0193","1710555","우정","우정_우체국","미래부","미래창조과학부 우정사업본부 서울지방우정청 서울은평우체국 서울갈현동우체국","서울갈현동우체국","02-359-2005","03335","","서울특별시 은평구 서오릉로 190 (갈현동)","서울특별시","은평구","갈현2동"
"BE_LiST27-0194","1710558","우정","우정_우체국","미래부","미래창조과학부 우정사업본부 서울지방우정청 서울은평우체국 서울대조동우체국","서울대조동우체국","02-387-2005","03391","","서울특별시 은평구 통일로71길 20 (대조동)","서울특별시","은평구","대조동"
"BE_LiST27-0195","1710553","우정","우정_우체국","미래부","미래창조과학부 우정사업본부 서울지방우정청 서울은평우체국 서울수색우체국","서울수색우체국","02-302-0205","03502","","서울특별시 은평구 수색로 248 (수색동)","서울특별시","은평구","수색동"
"BE_LiST27-0196","1710556","우정","우정_우체국","미래부","미래창조과학부 우정사업본부 서울지방우정청 서울은평우체국 서울연신내우체국","서울연신내우체국","02-357-0004","03347","","서울특별시 은평구 연서로 306 (불광동)","서울특별시","은평구","불광2동"
"BE_LiST27-0197","1710559","우정","우정_우체국","미래부","미래창조과학부 우정사업본부 서울지방우정청 서울은평우체국 서울응암1동우체국","서울응암1동우체국","02-386-2005","03462","","서울특별시 은평구 은평로9길 13 (응암1동)","서울특별시","은평구","응암1동"
"BE_LiST27-0198","1710554","우정","우정_우체국","미래부","미래창조과학부 우정사업본부 서울지방우정청 서울은평우체국 서울응암동우체국","서울응암동우체국","02-303-2005","03467","","서울특별시 은평구 응암로 214 (응암동)","서울특별시","은평구","응암3동"
"BE_LiST27-0199","1710788","우정","우정_우체국","미래부","미래창조과학부 우정사업본부 서울지방우정청 서울중랑우체국","서울중랑우체국","02-434-4300","02098","","서울특별시 중랑구 망우로 271","서울특별시","중랑구","상봉1동"
"BE_LiST27-0200","1710797","우정","우정_우체국","미래부","미래창조과학부 우정사업본부 서울지방우정청 서울중랑우체국 서울망우1동우체국","서울망우1동우체국","02-496-2005","02059","","서울특별시 중랑구 망우로 447","서울특별시","중랑구","망우본동"
"BE_LiST27-0201","1710799","우정","우정_우체국","미래부","미래창조과학부 우정사업본부 서울지방우정청 서울중랑우체국 서울면목7동우체국","서울면목7동우체국","02-491-2015","02237","","서울특별시 중랑구 면목로 37길 57","서울특별시","중랑구","면목5동"
"BE_LiST27-0202","1710798","우정","우정_우체국","미래부","미래창조과학부 우정사업본부 서울지방우정청 서울중랑우체국 서울면목동우체국","서울면목동우체국","02-432-2005","02210","","서울특별시 중랑구 면목로 344","서울특별시","중랑구","면목제3.8동"
"BE_LiST27-0203","1710800","우정","우정_우체국","미래부","미래창조과학부 우정사업본부 서울지방우정청 서울중랑우체국 서울묵동우체국","서울묵동우체국","02-971-0100","02006","","서울특별시 중랑구 동일로 895","서울특별시","중랑구","묵2동"
"BE_LiST27-0204","1710801","우정","우정_우체국","미래부","미래창조과학부 우정사업본부 서울지방우정청 서울중랑우체국 서울신내동우체국","서울신내동우체국","02-3421-2005","02024","","서울특별시 중랑구 신내로 17길 112","서울특별시","중랑구","신내2동"
"BE_LiST27-0205","1710796","우정","우정_우체국","미래부","미래창조과학부 우정사업본부 서울지방우정청 서울중랑우체국 서울중화동우체국","서울중화동우체국","02-435-2005","02088","","서울특별시 중랑구 동일로 784","서울특별시","중랑구","중화1동"
"BE_LiST27-0206","1710387","우정","우정_우체국","미래부","미래창조과학부 우정사업본부 서울지방우정청 서울중앙우체국","서울중앙우체국","02-6450-1000","04535","","서울특별시 중구 소공로 70 (층무로1가)","서울특별시","중구","명동"
"BE_LiST27-0207","1710405","우정","우정_우체국","미래부","미래창조과학부 우정사업본부 서울지방우정청 서울중앙우체국 서울소공동우체국","서울소공동우체국","02-757-2660","04526","","서울특별시 중구 남대문로1길 34 (북창동)","서울특별시","중구","소공동"
"BE_LiST27-0208","1710397","우정","우정_우체국","미래부","미래창조과학부 우정사업본부 서울지방우정청 서울중앙우체국 서울신당동우체국","서울신당동우체국","02-2236-0606","04590","","서울특별시 중구 다산로 128-8 (신당동)","서울특별시","중구","약수동"
"BE_LiST27-0209","1710402","우정","우정_우체국","미래부","미래창조과학부 우정사업본부 서울지방우정청 서울중앙우체국 서울역전우체국","서울역전우체국","02-757-1140","04509","","서울특별시 중구 통일로 21 (봉래동2가)","서울특별시","중구","회현동"
"BE_LiST27-0210","1710399","우정","우정_우체국","미래부","미래창조과학부 우정사업본부 서울지방우정청 서울중앙우체국 서울을지로4가우체국","서울을지로4가우체국","02-2273-6505","04549","","서울특별시 중구 을지로 154-2 (을지로4가)","서울특별시","중구","을지로동"
"BE_LiST27-0142","1710745","우정","우정_우체국","미래부","미래창조과학부 우정사업본부 서울지방우정청 서울서초우체국 서울법원청사우체국","서울법원청사우체국","02-537-7073","06594","","서울특별시 서초구 서초중앙로 157","서울특별시","서초구","서초3동"
"BE_LiST27-0143","1710744","우정","우정_우체국","미래부","미래창조과학부 우정사업본부 서울지방우정청 서울서초우체국 서울서초1동우체국","서울서초1동우체국","02-587-4243","06721","","서울특별시 서초구 효령로 60길 13","서울특별시","서초구","서초1동"
"BE_LiST27-0144","1710742","우정","우정_우체국","미래부","미래창조과학부 우정사업본부 서울지방우정청 서울서초우체국 서울서초3동우체국","서울서초3동우체국","02-581-0004","06657","","서울특별시 서초구 반포대로 99","서울특별시","서초구","서초3동"
"BE_LiST27-0145","1710739","우정","우정_우체국","미래부","미래창조과학부 우정사업본부 서울지방우정청 서울서초우체국 서울양재동우체국","서울양재동우체국","02-537-0116","06738","","서울특별시 서초구 남부순환로 356길 5","서울특별시","서초구","양재1동"
"BE_LiST27-0146","1714585","우정","우정_우체국","미래부","미래창조과학부 우정사업본부 서울지방우정청 서울서초우체국 서울우면동우체국","서울우면동우체국","02-3498-8071","06764","","서울특별시 서초구 태봉로 58","서울특별시","서초구","양재1동"
"BE_LiST27-0147","1710741","우정","우정_우체국","미래부","미래창조과학부 우정사업본부 서울지방우정청 서울서초우체국 서울이수우체국","서울이수우체국","02-532-0004","06548","","서울특별시 서초구 신반포로 10","서울특별시","서초구","반포본동"
"BE_LiST27-0148","1710623","우정","우정_우체국","미래부","미래창조과학부 우정사업본부 서울지방우정청 서울성북우체국","서울성북우체국","02-911-1325","02733","","서울특별시 성북구 동소문로 310 (하월곡동)","서울특별시","성북구","월곡1동"
"BE_LiST27-0149","1710637","우정","우정_우체국","미래부","미래창조과학부 우정사업본부 서울지방우정청 서울성북우체국 고려대학교우체국","고려대학교우체국","02-923-2005","02841","","서울특별시 성북구 안암로 145 (안암동5가)","서울특별시","성북구","안암동"
"BE_LiST27-0150","1710632","우정","우정_우체국","미래부","미래창조과학부 우정사업본부 서울지방우정청 서울성북우체국 서울돈암동우체국","서울돈암동우체국","02-923-0430","02847","","서울특별시 성북구 보문로 178 (삼선동4가)","서울특별시","성북구","삼선동"
"BE_LiST27-0151","1710636","우정","우정_우체국","미래부","미래창조과학부 우정사업본부 서울지방우정청 서울성북우체국 서울동소문동우체국","서울동소문동우체국","02-741-0204","02833","","서울특별시 성북구 성북로2길 31 (동소문동)","서울특별시","성북구","삼선동"
"BE_LiST27-0152","1710633","우정","우정_우체국","미래부","미래창조과학부 우정사업본부 서울지방우정청 서울성북우체국 서울석관동우체국","서울석관동우체국","02-915-6800","02773","","서울특별시 성북구 화랑로 203 (장위동)","서울특별시","성북구","장위2동"
"BE_LiST27-0153","1710634","우정","우정_우체국","미래부","미래창조과학부 우정사업본부 서울지방우정청 서울성북우체국 서울장위동우체국","서울장위동우체국","02-916-2005","02776","","서울특별시 성북구 돌곳이로28길 3 (장위동)","서울특별시","성북구","삼선동"
"BE_LiST27-0154","1710631","우정","우정_우체국","미래부","미래창조과학부 우정사업본부 서울지방우정청 서울성북우체국 서울정릉우체국","서울정릉우체국","02-914-0205","02718","","서울특별시 성북구 보국문로 12 (정릉동)","서울특별시","성북구","정릉2동"
"BE_LiST27-0155","1710635","우정","우정_우체국","미래부","미래창조과학부 우정사업본부 서울지방우정청 서울성북우체국 서울종암동우체국","서울종암동우체국","02-912-0102","02800","","서울특별시 성북구 종암로 64 (종암동)","서울특별시","성북구","종암동"
"BE_LiST27-0156","1710639","우정","우정_우체국","미래부","미래창조과학부 우정사업본부 서울지방우정청 서울성북우체국 한국과학기술연구원우체국","한국과학기술연구원우체국","02-963-3022","02792","","서울특별시 성북구 화랑로14길 5 (하월곡동)","서울특별시","성북구","월곡2동"
"BE_LiST27-0157","1710659","우정","우정_우체국","미래부","미래창조과학부 우정사업본부 서울지방우정청 서울송파우체국","서울송파우체국","02-405-8780","05661","","서울특별시 송파구 오금로 323 (오금동 50-3)","서울특별시","송파구","오금동"
"BE_LiST27-0158","1710683","우정","우정_우체국","미래부","미래창조과학부 우정사업본부 서울지방우정청 서울송파우체국 서울가든파이브우체국","서울가든파이브우체국","02-2157-2035","05838","","서울특별시 송파구 충민로 66 (문정동516번지 라이프테크노관 1002호)","서울특별시","송파구","문정2동"
"BE_LiST27-0159","1710676","우정","우정_우체국","미래부","미래창조과학부 우정사업본부 서울지방우정청 서울송파우체국 서울가락본동우체국","서울가락본동우체국","02-408-0409","05717","","서울특별시 송파구 송파대로 30길 36 (가락동77)","서울특별시","송파구","가락본동"
"BE_LiST27-0160","1710680","우정","우정_우체국","미래부","미래창조과학부 우정사업본부 서울지방우정청 서울송파우체국 서울거여동우체국","서울거여동우체국","02-402-2856","05771","","서울특별시 송파구 양산로 3 (거여동 289-6 )","서울특별시","송파구","거여1동"
"BE_LiST27-0161","1710668","우정","우정_우체국","미래부","미래창조과학부 우정사업본부 서울지방우정청 서울송파우체국 서울마천동우체국","서울마천동우체국","02-407-6661","05757","","서울특별시 송파구 거마로20길 34 (마천1동 128-75)","서울특별시","송파구","마천1동"
"BE_LiST27-0162","1710678","우정","우정_우체국","미래부","미래창조과학부 우정사업본부 서울지방우정청 서울송파우체국 서울문정동우체국","서울문정동우체국","02-409-0800","05834","","서울특별시 송파구 중대로 20 (문정2동 150-17)","서울특별시","송파구","문정2동"
"BE_LiST27-0163","1710672","우정","우정_우체국","미래부","미래창조과학부 우정사업본부 서울지방우정청 서울송파우체국 서울방이동우체국","서울방이동우체국","02-417-0789","05642","","서울특별시 송파구 오금로 187 (방이동 115-14)","서울특별시","송파구","방이2동"
"BE_LiST27-0038","1710592","우정","우정_우체국","미래부","미래창조과학부 우정사업본부 서울지방우정청 서울강남우체국 서울개포동우체국","서울개포동우체국","02-445-6576","06331","","서울특별시 강남구 영동대로3길 7 (개포동)","서울특별시","강남구","개포2동"
"BE_LiST27-0039","1714581","우정","우정_우체국","미래부","미래창조과학부 우정사업본부 서울지방우정청 서울강남우체국 서울무역센터우체국","서울무역센터우체국","02-551-0004","06164","","서울특별시 강남구 영동대로 511 (삼성동)","서울특별시","강남구","삼성1동"
"BE_LiST27-0040","1710596","우정","우정_우체국","미래부","미래창조과학부 우정사업본부 서울지방우정청 서울강남우체국 서울삼성동우체국","서울삼성동우체국","02-562-0208","06153","","서울특별시 강남구 선릉로 572 (삼성동)","서울특별시","강남구","삼성2동"
"BE_LiST27-0041","1710599","우정","우정_우체국","미래부","미래창조과학부 우정사업본부 서울지방우정청 서울강남우체국 서울상록회관우체국","서울상록회관우체국","02-567-2974","06152","","서울특별시 강남구 언주로 508 서울상록회관 1층 (역삼동)","서울특별시","강남구","역삼1동"
"BE_LiST27-0042","1710603","우정","우정_우체국","미래부","미래창조과학부 우정사업본부 서울지방우정청 서울강남우체국 서울수서동우체국","서울수서동우체국","02-451-0009","06349","","서울특별시 강남구 광평로 303 (수서동)","서울특별시","강남구","수서동"
"BE_LiST27-0043","1710595","우정","우정_우체국","미래부","미래창조과학부 우정사업본부 서울지방우정청 서울강남우체국 서울역삼1동우체국","서울역삼1동우체국","02-552-0159","06133","","서울특별시 강남구 테헤란로 131 (역삼동)","서울특별시","강남구","역삼1동"
"BE_LiST27-0044","1710598","우정","우정_우체국","미래부","미래창조과학부 우정사업본부 서울지방우정청 서울강남우체국 서울역삼2동우체국","서울역삼2동우체국","02-555-0600","06225","","서울특별시 강남구 역삼로 239 (역삼동)","서울특별시","강남구","역삼2동"
"BE_LiST27-0045","1710594","우정","우정_우체국","미래부","미래창조과학부 우정사업본부 서울지방우정청 서울강남우체국 서울역삼동우체국","서울역삼동우체국","02-557-2054","06123","","서울특별시 강남구 강남대로 458 남영빌딩 3층 (역삼동)","서울특별시","강남구","역삼1동"
"BE_LiST27-0046","1710590","우정","우정_우체국","미래부","미래창조과학부 우정사업본부 서울지방우정청 서울강남우체국 서울영동우체국","서울영동우체국","02-541-0110","06061","","서울특별시 강남구 학동로 212 (논현동)","서울특별시","강남구","논현2동"
"BE_LiST27-0047","1710591","우정","우정_우체국","미래부","미래창조과학부 우정사업본부 서울지방우정청 서울강남우체국 서울은마아파트우체국","서울은마아파트우체국","02-566-0400","06284","","서울특별시 강남구 삼성로 212 (대치동)","서울특별시","강남구","대치2동"
"BE_LiST27-0048","1710600","우정","우정_우체국","미래부","미래창조과학부 우정사업본부 서울지방우정청 서울강남우체국 서울일원동우체국","서울일원동우체국","02-459-2500","06341","","서울특별시 강남구 양재대로55길 20 (일원동)","서울특별시","강남구","일원1동"
"BE_LiST27-0049","1710601","우정","우정_우체국","미래부","미래창조과학부 우정사업본부 서울지방우정청 서울강남우체국 서울일원본동우체국","서울일원본동우체국","02-2226-0004","06361","","서울특별시 강남구 광평로20길 8 (일원본동)","서울특별시","강남구","일원본동"
"BE_LiST27-0050","1710593","우정","우정_우체국","미래부","미래창조과학부 우정사업본부 서울지방우정청 서울강남우체국 서울현대아파트우체국","서울현대아파트우체국","02-544-0002","06002","","서울특별시 강남구 논현로190길 75 (압구정동)","서울특별시","강남구","삼성2동"
"BE_LiST27-0051","1710643","우정","우정_우체국","미래부","미래창조과학부 우정사업본부 서울지방우정청 서울강동우체국","서울강동우체국","02-440-2828","05350","","서울특별시 강동구 양재대로 112길 57 (길동)","서울특별시","강동구","길동"
"BE_LiST27-0052","1710658","우정","우정_우체국","미래부","미래창조과학부 우정사업본부 서울지방우정청 서울강동우체국 서울강일동우체국","서울강일동우체국","02-3427-4564","05211","","서울특별시 강동구 아리수로91길 12 (강일동)","서울특별시","강동구","강일동"
"BE_LiST27-0053","1710653","우정","우정_우체국","미래부","미래창조과학부 우정사업본부 서울지방우정청 서울강동우체국 서울고덕동우체국","서울고덕동우체국","02-426-0004","05274","","서울특별시 강동구 고덕로 362 (상일동)","서울특별시","강동구","상일동"
"BE_LiST27-0054","1710651","우정","우정_우체국","미래부","미래창조과학부 우정사업본부 서울지방우정청 서울강동우체국 서울명일동우체국","서울명일동우체국","02-3427-2001","05292","","서울특별시 강동구 구천면로 424-9 (명일동)","서울특별시","강동구","명일1동"
"BE_LiST27-0055","1710657","우정","우정_우체국","미래부","미래창조과학부 우정사업본부 서울지방우정청 서울강동우체국 서울상일동우체국","서울상일동우체국","02-426-2505","05283","","서울특별시 강동구 상일로 9 (상일동)","서울특별시","강동구","상일동"
"BE_LiST27-0056","1710656","우정","우정_우체국","미래부","미래창조과학부 우정사업본부 서울지방우정청 서울강동우체국 서울성내1동우체국","서울성내1동우체국","02-474-2005","05399","","서울특별시 강동구 성내로 38 (성내1동)","서울특별시","강동구","성내1동"
"BE_LiST27-0057","1710655","우정","우정_우체국","미래부","미래창조과학부 우정사업본부 서울지방우정청 서울강동우체국 서울성내동우체국","서울성내동우체국","02-470-1141","05408","","서울특별시 강동구 양재대로 1309 (성내3동)","서울특별시","강동구","성내3동"
"BE_LiST27-0058","1710652","우정","우정_우체국","미래부","미래창조과학부 우정사업본부 서울지방우정청 서울강동우체국 서울천호동우체국","서울천호동우체국","02-472-3301","05328","","서울특별시 강동구 구천면로 188 (천호동)","서울특별시","강동구","천호2동"
"BE_LiST27-0059","1710699","우정","우정_우체국","미래부","미래창조과학부 우정사업본부 서울지방우정청 서울강서우체국","서울강서우체국","02-3661-0004","07582","","서울특별시 강서구 강서로 448","서울특별시","강서구","등촌3동"
"BE_LiST27-0060","1710707","우정","우정_우체국","미래부","미래창조과학부 우정사업본부 서울지방우정청 서울강서우체국 서울가양동우체국","서울가양동우체국","02-2668-0100","07525","","서울특별시 강서구 허준로 95-5","서울특별시","강서구","가양2동"
"BE_LiST27-0061","1710708","우정","우정_우체국","미래부","미래창조과학부 우정사업본부 서울지방우정청 서울강서우체국 서울공항동우체국","서울공항동우체국","02-2662-2005","07619","","서울특별시 강서구 공항대로 41","서울특별시","강서구","공항동"
"BE_LiST27-0062","1710711","우정","우정_우체국","미래부","미래창조과학부 우정사업본부 서울지방우정청 서울강서우체국 서울등촌동우체국","서울등촌동우체국","02-2658-2004","07588","","서울특별시 강서구 화곡로 63길 90","서울특별시","강서구","등촌3동"
"BE_LiST27-0063","1710712","우정","우정_우체국","미래부","미래창조과학부 우정사업본부 서울지방우정청 서울강서우체국 서울발산동우체국","서울발산동우체국","02-2663-2530","07639","","서울특별시 강서구 강서로 283","서울특별시","강서구","발산1동"
"BE_LiST27-0064","1710713","우정","우정_우체국","미래부","미래창조과학부 우정사업본부 서울지방우정청 서울강서우체국 서울방화동우체국","서울방화동우체국","02-2661-2002","07512","","서울특별시 강서구 금낭화로 26길 22","서울특별시","강서구","방화3동"
"BE_LiST27-0065","1710709","우정","우정_우체국","미래부","미래창조과학부 우정사업본부 서울지방우정청 서울강서우체국 서울염창동우체국","서울염창동우체국","02-3665-0591","07558","","서울특별시 강서구 공항대로 623","서울특별시","강서구","염창동"
"BE_LiST27-0066","1710714","우정","우정_우체국","미래부","미래창조과학부 우정사업본부 서울지방우정청 서울강서우체국 서울화곡4동우체국","서울화곡4동우체국","02-2653-0004","07741","","서울특별시 강서구 곰달래로 265","서울특별시","강서구","화곡4동"
"BE_LiST27-0067","1710710","우정","우정_우체국","미래부","미래창조과학부 우정사업본부 서울지방우정청 서울강서우체국 화곡우체국","화곡우체국","02-2602-0014","07721","","서울특별시 강서구 까치산로 55","서울특별시","강서구","화곡본동"
"BE_LiST27-0068","1710531","우정","우정_우체국","미래부","미래창조과학부 우정사업본부 서울지방우정청 서울관악우체국","서울관악우체국","02-885-0002","08755","","서울특별시 관악구 남부순환로 1643 (신림동 1412-2)","서울특별시","관악구","신림동"
"BE_LiST27-0069","1710539","우정","우정_우체국","미래부","미래창조과학부 우정사업본부 서울지방우정청 서울관악우체국 서울난곡우체국","서울난곡우체국","02-863-3415","08771","","서울특별시 관악구 난곡로 275 (미성동 1476-53)","서울특별시","관악구","미성동"
"BE_LiST27-0070","1710542","우정","우정_우체국","미래부","미래창조과학부 우정사업본부 서울지방우정청 서울관악우체국 서울대학교우체국","서울대학교우체국","02-889-0205","08826","","서울특별시 관악구 관악로 1 (대학동 산 56-1)","서울특별시","관악구","낙성대동"
"BE_LiST27-0071","1710540","우정","우정_우체국","미래부","미래창조과학부 우정사업본부 서울지방우정청 서울관악우체국 서울봉천동우체국","서울봉천동우체국","02-878-2005","08727","","서울특별시 관악구 관악로 249-1 (성현동 7-270)","서울특별시","관악구","성현동"
"BE_LiST27-0072","1710541","우정","우정_우체국","미래부","미래창조과학부 우정사업본부 서울지방우정청 서울관악우체국 서울신림동우체국","서울신림동우체국","02-889-2005","08814","","서울특별시 관악구 대학5길 38 (대학동 244-20)","서울특별시","관악구","대학동"
"BE_LiST27-0073","1710544","우정","우정_우체국","미래부","미래창조과학부 우정사업본부 서울지방우정청 서울관악우체국 서울은천동우체국","서울은천동우체국","02-886-2005","08750","","서울특별시 관악구 봉천로27길 58 (은천동 935-3)","서울특별시","관악구","은천동"
"BE_LiST27-0074","1710543","우정","우정_우체국","미래부","미래창조과학부 우정사업본부 서울지방우정청 서울관악우체국 서울행운동우체국","서울행운동우체국","02-871-2005","08738","","서울특별시 관악구 남부순환로 1841 (행운동 1666-43)","서울특별시","관악구","행운동"
"BE_LiST27-0075","1710468","우정","우정_우체국","미래부","미래창조과학부 우정사업본부 서울지방우정청 서울광진우체국","서울광진우체국","02-2049-0549","05048","","서울특별시 광진구 강변역로 2 (구의동)","서울특별시","광진구","구의3동"
"BE_LiST27-0076","1710488","우정","우정_우체국","미래부","미래창조과학부 우정사업본부 서울지방우정청 서울광진우체국 서울건국대학교우체국","서울건국대학교우체국","02-452-3260","05029","","서울특별시 광진구 아차산로 263 (화양동)","서울특별시","광진구","구의1동"
"BE_LiST27-0077","1710479","우정","우정_우체국","미래부","미래창조과학부 우정사업본부 서울지방우정청 서울광진우체국 서울금호동우체국","서울금호동우체국","02-2235-2005","04723","","서울특별시 성동구 금호로11길 2 (금호동2가)","서울특별시","성동구","금호2.3가동"
"BE_LiST27-0078","1710490","우정","우정_우체국","미래부","미래창조과학부 우정사업본부 서울지방우정청 서울광진우체국 서울뚝섬우체국","서울뚝섬우체국","02-464-2005","04780","","서울특별시 성동구 뚝섬로3길 10 (성수동1가)","서울특별시","성동구","성수1가1동"
"BE_LiST27-0079","1710480","우정","우정_우체국","미래부","미래창조과학부 우정사업본부 서울지방우정청 서울광진우체국 서울마장동우체국","서울마장동우체국","02-2299-2005","04748","","서울특별시 성동구 고산자로 352 (마장동)","서울특별시","성동구","마장동"
"BE_LiST27-0080","1710478","우정","우정_우체국","미래부","미래창조과학부 우정사업본부 서울지방우정청 서울광진우체국 서울성동우체국","서울성동우체국","02-2292-0014","04715","","서울특별시 성동구 왕십리로 303 (행당동)","서울특별시","성동구","행당1동"
"BE_LiST27-0081","1710483","우정","우정_우체국","미래부","미래창조과학부 우정사업본부 서울지방우정청 서울광진우체국 서울성수동우체국","서울성수동우체국","02-468-2004","04782","","서울특별시 성동구 아차산로 104 (성수동2가)","서울특별시","성동구","성수2가3동"
"BE_LiST27-0082","1710486","우정","우정_우체국","미래부","미래창조과학부 우정사업본부 서울지방우정청 서울광진우체국 서울왕십리우체국","서울왕십리우체국","02-2295-2060","04707","","서울특별시 성동구 마장로 194 (홍익동)","서울특별시","성동구","왕십리도선동"
"BE_LiST27-0083","1710484","우정","우정_우체국","미래부","미래창조과학부 우정사업본부 서울지방우정청 서울광진우체국 서울용답동우체국","서울용답동우체국","02-2212-2466","04808","","서울특별시 성동구 천호대로 378 (용답동)","서울특별시","성동구","용답동"
"BE_LiST27-0084","1710487","우정","우정_우체국","미래부","미래창조과학부 우정사업본부 서울지방우정청 서울광진우체국 서울자양동우체국","서울자양동우체국","02-455-2050","05100","","서울특별시 광진구 뚝섬로 640 (자양동)","서울특별시","광진구","자양2동"
"BE_LiST27-0085","1710481","우정","우정_우체국","미래부","미래창조과학부 우정사업본부 서울지방우정청 서울광진우체국 서울중곡동우체국","서울중곡동우체국","02-444-2005","04921","","서울특별시 광진구 긴고랑로 68 (중곡동)","서울특별시","광진구","중곡2동"
"BE_LiST27-0086","1710489","우정","우정_우체국","미래부","미래창조과학부 우정사업본부 서울지방우정청 서울광진우체국 서울한양대학교우체국","서울한양대학교우체국","02-2292-0205","04763","","서울특별시 성동구 왕십리로 222 (사근동)","서울특별시","성동구","사근동"
"BE_LiST27-0087","1710482","우정","우정_우체국","미래부","미래창조과학부 우정사업본부 서울지방우정청 서울광진우체국 서울화양동우체국","서울화양동우체국","02-463-2005","05008","","서울특별시 광진구 광나루로 356 (화양동)","서울특별시","광진구","화양동"
"BE_LiST27-0088","1710604","우정","우정_우체국","미래부","미래창조과학부 우정사업본부 서울지방우정청 서울금천우체국","서울금천우체국","02-854-0004","08576","","서울특별시 금천구 시흥대로 410 (독산4동 )","서울특별시","금천구","독산4동"
"BE_LiST27-0089","1710614","우정","우정_우체국","미래부","미래창조과학부 우정사업본부 서울지방우정청 서울금천우체국 서울가산동우체국","서울가산동우체국","02-862-0004","08528","","서울특별시 금천구 남부순환로 1288 (가산동)","서울특별시","금천구","가산동"
"BE_LiST27-0090","1710619","우정","우정_우체국","미래부","미래창조과학부 우정사업본부 서울지방우정청 서울금천우체국 서울가산디지털우체국","서울가산디지털우체국","02-2626-9400","08506","","서울특별시 금천구 가산디지털 2로 108 (가산동)","서울특별시","금천구","가산동"
"BE_LiST27-0091","1710613","우정","우정_우체국","미래부","미래창조과학부 우정사업본부 서울지방우정청 서울금천우체국 서울고척동우체국","서울고척동우체국","02-2612-0009","08218","","서울특별시 구로구 중앙로 76 (고척동)","서울특별시","구로구","고척1동"
"BE_LiST27-0092","1710616","우정","우정_우체국","미래부","미래창조과학부 우정사업본부 서울지방우정청 서울금천우체국 서울구로1동우체국","서울구로1동우체국","02-865-0004","08324","","서울특별시 구로구 구일로 64 (구로동)","서울특별시","구로구","구로1동"
"BE_LiST27-0093","1710617","우정","우정_우체국","미래부","미래창조과학부 우정사업본부 서울지방우정청 서울금천우체국 서울구로4동우체국","서울구로4동우체국","02-863-0004","08311","","서울특별시 구로구 구로동로 130-2 (구로동)","서울특별시","구로구","구로4동"
"BE_LiST27-0094","1710618","우정","우정_우체국","미래부","미래창조과학부 우정사업본부 서울지방우정청 서울금천우체국 서울구로디지털단지우체국","서울구로디지털단지우체국","02-853-0004","08393","","서울특별시 구로구 디지털로26길 144","서울특별시","구로구","구로3동"
"BE_LiST27-0095","1710621","우정","우정_우체국","미래부","미래창조과학부 우정사업본부 서울지방우정청 서울금천우체국 서울동구로우체국","서울동구로우체국","02-857-2004","08302","","서울특별시 구로구 구로중앙로18길 5","서울특별시","구로구","구로4동"
"BE_LiST27-0096","1710620","우정","우정_우체국","미래부","미래창조과학부 우정사업본부 서울지방우정청 서울금천우체국 서울시흥1동우체국","서울시흥1동우체국","02-806-2003","08622","","서울특별시 금천구 독산로 123 (시흥1동)","서울특별시","금천구","시흥1동"
"BE_LiST27-0097","1710612","우정","우정_우체국","미래부","미래창조과학부 우정사업본부 서울지방우정청 서울금천우체국 서울시흥동우체국","서울시흥동우체국","02-802-0205","08632","","서울특별시 금천구 시흥대로 217 (시흥동)","서울특별시","금천구","시흥1동"
"BE_LiST27-0098","1710622","우정","우정_우체국","미래부","미래창조과학부 우정사업본부 서울지방우정청 서울금천우체국 서울신도림우체국","서울신도림우체국","02-2637-3322","08208","","서울특별시 구로구 경인로 67길23 (신도림동)","서울특별시","구로구","신도림동"
"BE_LiST27-0099","1710615","우정","우정_우체국","미래부","미래창조과학부 우정사업본부 서울지방우정청 서울금천우체국 서울오류동우체국","서울오류동우체국","02-2613-2005","08267","","서울특별시 구로구 경인로 227 (오류동)","서울특별시","구로구","오류1동"
"BE_LiST27-0101","1710783","우정","우정_우체국","미래부","미래창조과학부 우정사업본부 서울지방우정청 서울노원우체국 서울공릉동우체국","서울공릉동우체국","02-973-9000","01849","","서울특별시 노원구 동일로 988 (공릉1동)","서울특별시","노원구","공릉1동"
"BE_LiST27-0102","1710777","우정","우정_우체국","미래부","미래창조과학부 우정사업본부 서울지방우정청 서울노원우체국 서울상계10동우체국","서울상계10동우체국","02-932-0101","01678","","서울특별시 노원구 노원로 510 (상계10동)","서울특별시","노원구","상계10동"
"BE_LiST27-0103","1710774","우정","우정_우체국","미래부","미래창조과학부 우정사업본부 서울지방우정청 서울노원우체국 서울상계1동우체국","서울상계1동우체국","02-934-7063","01630","","서울특별시 노원구 동일로 1632 (상계1동)","서울특별시","노원구","상계1동"
"BE_LiST27-0104","1710775","우정","우정_우체국","미래부","미래창조과학부 우정사업본부 서울지방우정청 서울노원우체국 서울상계3동우체국","서울상계3동우체국","02-936-2005","01640","","서울특별시 노원구 덕릉로113길 18 (상계3동)","서울특별시","노원구","상계3.4동"
"BE_LiST27-0105","1710776","우정","우정_우체국","미래부","미래창조과학부 우정사업본부 서울지방우정청 서울노원우체국 서울상계6동우체국","서울상계6동우체국","02-935-6005","01762","","서울특별시 노원구 노해로 448 (상계6동)","서울특별시","노원구","상계6.7동"
"BE_LiST27-0106","1710784","우정","우정_우체국","미래부","미래창조과학부 우정사업본부 서울지방우정청 서울노원우체국 서울수락산우체국","서울수락산우체국","02-933-6508","01604","","서울특별시 노원구 동일로 1693-6 (상계1동)","서울특별시","노원구","상계1동"
"BE_LiST27-0107","1710781","우정","우정_우체국","미래부","미래창조과학부 우정사업본부 서울지방우정청 서울노원우체국 서울월계2동우체국","서울월계2동우체국","02-990-2005","01880","","서울특별시 노원구 월계로 317 (월계동)","서울특별시","노원구","월계2동"
"BE_LiST27-0108","1710782","우정","우정_우체국","미래부","미래창조과학부 우정사업본부 서울지방우정청 서울노원우체국 서울월계3동우체국","서울월계3동우체국","02-974-1005","01911","","서울특별시 노원구 마들로 57-1 (월계3동)","서울특별시","노원구","월계3동"
"BE_LiST27-0109","1710779","우정","우정_우체국","미래부","미래창조과학부 우정사업본부 서울지방우정청 서울노원우체국 서울중계3동우체국","서울중계3동우체국","02-974-0014","01789","","서울특별시 노원구 공릉로 392 (중계3동)","서울특별시","노원구","중계2.3동"
"BE_LiST27-0110","1710778","우정","우정_우체국","미래부","미래창조과학부 우정사업본부 서울지방우정청 서울노원우체국 서울중계동우체국","서울중계동우체국","02-952-0014","01721","","서울특별시 노원구 한글비석로 286 (중계본동)","서울특별시","노원구","중계본동"
"BE_LiST27-0111","1710780","우정","우정_우체국","미래부","미래창조과학부 우정사업본부 서울지방우정청 서울노원우체국 서울하계1동우체국","서울하계1동우체국","02-971-0004","01791","","서울특별시 노원구 노원로 259 (하계1동)","서울특별시","노원구","하계1동"
"BE_LiST27-0112","1714562","우정","우정_우체국","미래부","미래창조과학부 우정사업본부 서울지방우정청 서울도봉우체국","서울도봉우체국","02-901-0500","01450","","서울특별시 도봉구 노해로 150","서울특별시","도봉구","쌍문3동"
"BE_LiST27-0113","1714594","우정","우정_우체국","미래부","미래창조과학부 우정사업본부 서울지방우정청 서울도봉우체국 서울강북우체국","서울강북우체국","02-980-0014","01158","","서울특별시 강북구 솔매로50길 55","서울특별시","강북구","송중동"
"BE_LiST27-0114","1714568","우정","우정_우체국","미래부","미래창조과학부 우정사업본부 서울지방우정청 서울도봉우체국 서울도봉1동우체국","서울도봉1동우체국","02-954-1698","01304","","서울특별시 도봉구 도봉로 871","서울특별시","도봉구","도봉1동"
"BE_LiST27-0115","1714567","우정","우정_우체국","미래부","미래창조과학부 우정사업본부 서울지방우정청 서울도봉우체국 서울방학동우체국","서울방학동우체국","02-956-0100","01334","","서울특별시 도봉구 도봉로 686","서울특별시","도봉구","방학1동"
"BE_LiST27-0116","1714598","우정","우정_우체국","미래부","미래창조과학부 우정사업본부 서울지방우정청 서울도봉우체국 서울번2동우체국","서울번2동우체국","02-987-2645","01145","","서울특별시 강북구 오현로35길 65","서울특별시","강북구","번2동"
"BE_LiST27-0006","1710423","우정","우정_우체국","미래부","미래창조과학부 우정사업본부 서울지방우정청 광화문우체국 서울숭인동우체국","서울숭인동우체국","02-745-0917","03108","","서울특별시 종로구 지봉로 88","서울특별시","종로구","숭인1동"
"BE_LiST27-0007","1710416","우정","우정_우체국","미래부","미래창조과학부 우정사업본부 서울지방우정청 광화문우체국 서울안국동우체국","서울안국동우체국","02-735-2005","03060","","서울특별시 종로구 율곡로 49","서울특별시","종로구","삼청동"
"BE_LiST27-0008","1710417","우정","우정_우체국","미래부","미래창조과학부 우정사업본부 서울지방우정청 광화문우체국 서울원남동우체국","서울원남동우체국","02-742-8004","03136","","서울특별시 종로구 율곡로 160","서울특별시","종로구","종로1.2.3.4가동"
"BE_LiST27-0009","1710419","우정","우정_우체국","미래부","미래창조과학부 우정사업본부 서울지방우정청 광화문우체국 서울종로2가우체국","서울종로2가우체국","02-743-8973","03140","","서울특별시 종로구 종로17길 8","서울특별시","종로구","종로1.2.3.4가동"
"BE_LiST27-0010","1710420","우정","우정_우체국","미래부","미래창조과학부 우정사업본부 서울지방우정청 광화문우체국 서울종로5가우체국","서울종로5가우체국","02-763-0004","03129","","서울특별시 종로구 종로 207-1","서울특별시","종로구","종로5.6가동"
"BE_LiST27-0011","1710421","우정","우정_우체국","미래부","미래창조과학부 우정사업본부 서울지방우정청 광화문우체국 서울통의동우체국","서울통의동우체국","02-738-2005","03044","","서울특별시 종로구 자하문로 30","서울특별시","종로구","사직동"
"BE_LiST27-0012","1710418","우정","우정_우체국","미래부","미래창조과학부 우정사업본부 서울지방우정청 광화문우체국 서울혜화동우체국","서울혜화동우체국","02-743-0014","03075","","서울특별시 종로구 혜화로 1","서울특별시","종로구","혜화동"
"BE_LiST27-0013","1710429","우정","우정_우체국","미래부","미래창조과학부 우정사업본부 서울지방우정청 광화문우체국 정부서울청사우체국","정부서울청사우체국","02-739-4662","03171","","서울특별시 종로구 세종대로 209","서울특별시","종로구","사직동"
"BE_LiST27-0014","1710427","우정","우정_우체국","미래부","미래창조과학부 우정사업본부 서울지방우정청 광화문우체국 한국방송통신대학우체국","한국방송통신대학우체국","02-743-0150","03087","","서울특별시 종로구 대학로 86 대학본부 내 1층","서울특별시","종로구","이화동"
"BE_LiST27-0015","1710812","우정","우정_물류센터","미래부","미래창조과학부 우정사업본부 서울지방우정청 국제우편물류센터","국제우편물류센터","032-745-9733","22381","","인천광역시 중구 공항동로193번길 40-32","인천광역시","중구","운서동"
"BE_LiST27-0016","1710447","우정","우정_우체국","미래부","미래창조과학부 우정사업본부 서울지방우정청 동대문우체국","동대문우체국","02-2210-3703","02586","","서울특별시 동대문구 천호대로 4","서울특별시","동대문구","용신동"
"BE_LiST27-0017","1710457","우정","우정_우체국","미래부","미래창조과학부 우정사업본부 서울지방우정청 동대문우체국 서울답십리우체국","서울답십리우체국","02-2247-2005","02597","","서울특별시 동대문구 사가정길 7","서울특별시","동대문구","용신동"
"BE_LiST27-0018","1710456","우정","우정_우체국","미래부","미래창조과학부 우정사업본부 서울지방우정청 동대문우체국 서울용두동우체국","서울용두동우체국","02-925-0110","02589","","서울특별시 동대문구 청계천로 499","서울특별시","동대문구","용신동"
"BE_LiST27-0019","1710460","우정","우정_우체국","미래부","미래창조과학부 우정사업본부 서울지방우정청 동대문우체국 서울이문동우체국","서울이문동우체국","02-965-2005","02403","","서울특별시 동대문구 이문로 133","서울특별시","동대문구","이문1동"
"BE_LiST27-0020","1710467","우정","우정_우체국","미래부","미래창조과학부 우정사업본부 서울지방우정청 동대문우체국 서울장안2동우체국","서울장안2동우체국","02-2247-5018","02526","","서울특별시 동대문구 사가정길 240","서울특별시","동대문구","용신동"
"BE_LiST27-0021","1710458","우정","우정_우체국","미래부","미래창조과학부 우정사업본부 서울지방우정청 동대문우체국 서울장안동우체국","서울장안동우체국","02-2244-2005","02628","","서울특별시 동대문구 한천로14길 53","서울특별시","동대문구","장안1동"
"BE_LiST27-0022","1710455","우정","우정_우체국","미래부","미래창조과학부 우정사업본부 서울지방우정청 동대문우체국 서울전농동우체국","서울전농동우체국","02-2245-0205","02539","","서울특별시 동대문구 전농로 131","서울특별시","동대문구","전농1동"
"BE_LiST27-0023","1710461","우정","우정_우체국","미래부","미래창조과학부 우정사업본부 서울지방우정청 동대문우체국 서울제기동우체국","서울제기동우체국","02-968-2006","02571","","서울특별시 동대문구 고산자로 233","서울특별시","동대문구","용신동"
"BE_LiST27-0024","1710466","우정","우정_우체국","미래부","미래창조과학부 우정사업본부 서울지방우정청 동대문우체국 서울청량리우체국","서울청량리우체국","02-962-0014","02490","","서울특별시 동대문구 홍릉길 10","서울특별시","동대문구","용신동"
"BE_LiST27-0025","1710459","우정","우정_우체국","미래부","미래창조과학부 우정사업본부 서울지방우정청 동대문우체국 서울휘경동우체국","서울휘경동우체국","02-965-2336","02444","","서울특별시 동대문구 휘경서길 27","서울특별시","동대문구","용신동"
"BE_LiST27-0026","1710807","우정","우정_집중국","미래부","미래창조과학부 우정사업본부 서울지방우정청 동서울우편집중국","동서울우편집중국","02-450-6004","05050","","서울특별시 광진구 자양동 자양로 76","서울특별시","광진구","자양2동"
"BE_LiST27-0027","1710430","우정","우정_우체국","미래부","미래창조과학부 우정사업본부 서울지방우정청 서대문우체국","서대문우체국","02-390-9114","03727","","서울특별시 서대문구 성산로20길 9","서울특별시","서대문구","신촌동"
"BE_LiST27-0028","1710446","우정","우정_우체국","미래부","미래창조과학부 우정사업본부 서울지방우정청 서대문우체국 경찰청우체국","경찰청우체국","02-393-2001","03739","","서울특별시 서대문구 통일로 97 (미근동 209)","서울특별시","서대문구","충현동"
"BE_LiST27-0029","1710438","우정","우정_우체국","미래부","미래창조과학부 우정사업본부 서울지방우정청 서대문우체국 서울모래내우체국","서울모래내우체국","02-373-2005","03690","","서울특별시 서대문구 거북골로160 (북가좌동 424-29)","서울특별시","서대문구","북가좌2동"
"BE_LiST27-0030","1710439","우정","우정_우체국","미래부","미래창조과학부 우정사업본부 서울지방우정청 서대문우체국 서울신촌우체국","서울신촌우체국","02-362-0205","03766","","서울특별시 서대문구 신촌로161 (대현동 90-101)","서울특별시","서대문구","신촌동"
"BE_LiST27-0031","1710443","우정","우정_우체국","미래부","미래창조과학부 우정사업본부 서울지방우정청 서대문우체국 서울연세대학교우체국","서울연세대학교우체국","02-390-0205","03722","","서울특별시 서대문구 연세로50 (신촌동 134)","서울특별시","서대문구","신촌동"
"BE_LiST27-0032","1710441","우정","우정_우체국","미래부","미래창조과학부 우정사업본부 서울지방우정청 서대문우체국 서울연희동우체국","서울연희동우체국","02-324-2005","03698","","서울특별시 서대문구 증가로12 (연희동 90-15)","서울특별시","서대문구","연희동"
"BE_LiST27-0033","1710445","우정","우정_우체국","미래부","미래창조과학부 우정사업본부 서울지방우정청 서대문우체국 서울이화여자대학교우체국","서울이화여자대학교우체국","02-363-0205","03760","","서울특별시 서대문구 이화여대길 52 (대현동 11-1)","서울특별시","서대문구","충현동"
"BE_LiST27-0034","1710442","우정","우정_우체국","미래부","미래창조과학부 우정사업본부 서울지방우정청 서대문우체국 서울충정로우체국","서울충정로우체국","02-362-0004","03735","","서울특별시 서대문구 통일로127 (충정로2가 8-2)","서울특별시","서대문구","충현동"
"BE_LiST27-0035","1710440","우정","우정_우체국","미래부","미래창조과학부 우정사업본부 서울지방우정청 서대문우체국 서울홍제동우체국","서울홍제동우체국","02-379-4205","03646","","서울특별시 서대문구 통일로419 (홍제동 158-45)","서울특별시","서대문구","홍제1동"
"BE_LiST27-0036","1710580","우정","우정_우체국","미래부","미래창조과학부 우정사업본부 서울지방우정청 서울강남우체국","서울강남우체국","02-2040-4000","06336","","서울특별시 강남구 개포로 619 (개포동)","서울특별시","강남구","일원2동"
"BE_LiST27-0037","1710597","우정","우정_우체국","미래부","미래창조과학부 우정사업본부 서울지방우정청 서울강남우체국 서울개포1동우체국","서울개포1동우체국","02-575-0205","06325","","서울특별시 강남구 선릉로 36 (개포동)","서울특별시","강남구","개포2동"